NO. of TEST,MAE OF DTR,MAPE OF DTR
TEST 1,0.103499861,10.34998607
TEST 2,0.103830723,10.38307228
TEST 3,0.103185727,10.31857266
TEST 4,0.103951354,10.39513543
TEST 5,0.10265105,10.26510499
TEST 6,0.102485017,10.24850166
TEST 7,0.103257746,10.32577464
TEST 8,0.104180008,10.41800076
TEST 9,0.104580156,10.45801562
TEST 10,0.103335456,10.33354564
Avg,0.10349571,10.34957098
