NO. of TEST,MAE OF ABR,MAPE OF ABR
TEST 1,0.116259615,11.6259615
TEST 2,0.116259615,11.6259615
TEST 3,0.116259615,11.6259615
TEST 4,0.116259615,11.6259615
TEST 5,0.116259615,11.6259615
TEST 6,0.116259615,11.6259615
TEST 7,0.116259615,11.6259615
TEST 8,0.116259615,11.6259615
TEST 9,0.116259615,11.6259615
TEST 10,0.116259615,11.6259615
Avg,0.116259615,11.6259615
